지역,년도,범죄,발생,검거,검거율
강남구,2010,살인,14,13,0.928571429
강남구,2011,살인,23,19,0.826086957
강남구,2012,살인,9,7,0.777777778
강남구,2013,살인,12,12,1
강남구,2014,살인,13,9,0.692307692
강남구,2015,살인,13,10,0.769230769
강동구,2010,살인,18,16,0.888888889
강동구,2011,살인,7,6,0.857142857
강동구,2012,살인,5,4,0.8
강동구,2013,살인,9,9,1
강동구,2014,살인,5,4,0.8
강동구,2015,살인,4,3,0.75
강북구,2010,살인,7,6,0.857142857
강북구,2011,살인,7,6,0.857142857
강북구,2012,살인,3,3,1
강북구,2013,살인,2,2,1
강북구,2014,살인,6,5,0.833333333
강북구,2015,살인,7,8,1
강서구,2010,살인,7,8,1
강서구,2011,살인,18,20,1
강서구,2012,살인,15,14,0.933333333
강서구,2013,살인,14,12,0.857142857
강서구,2014,살인,8,6,0.75
강서구,2015,살인,7,8,1
관악구,2010,살인,13,13,1
관악구,2011,살인,19,17,0.894736842
관악구,2012,살인,7,7,1
관악구,2013,살인,7,6,0.857142857
관악구,2014,살인,7,8,1
관악구,2015,살인,9,8,0.888888889
광진구,2010,살인,11,10,0.909090909
광진구,2011,살인,11,11,1
광진구,2012,살인,6,7,1
광진구,2013,살인,4,4,1
광진구,2014,살인,8,9,1
광진구,2015,살인,4,4,1
구로구,2010,살인,17,17,1
구로구,2011,살인,12,10,0.833333333
구로구,2012,살인,9,9,1
구로구,2013,살인,9,10,1
구로구,2014,살인,3,3,1
구로구,2015,살인,8,6,0.75
금천구,2010,살인,8,6,0.75
금천구,2011,살인,14,14,1
금천구,2012,살인,8,7,0.875
금천구,2013,살인,6,5,0.833333333
금천구,2014,살인,7,7,1
금천구,2015,살인,3,4,1
노원구,2010,살인,16,16,1
노원구,2011,살인,8,8,1
노원구,2012,살인,2,2,1
노원구,2013,살인,7,7,1
노원구,2014,살인,5,4,0.8
노원구,2015,살인,10,10,1
도봉구,2010,살인,5,6,1
도봉구,2011,살인,10,10,1
도봉구,2012,살인,8,8,1
도봉구,2013,살인,3,2,0.666666667
도봉구,2014,살인,6,7,1
도봉구,2015,살인,3,3,1
동대문구,2010,살인,13,13,1
동대문구,2011,살인,14,11,0.785714286
동대문구,2012,살인,11,10,0.909090909
동대문구,2013,살인,9,10,1
동대문구,2014,살인,12,11,0.916666667
동대문구,2015,살인,5,5,1
동작구,2010,살인,8,9,1
동작구,2011,살인,5,6,1
동작구,2012,살인,2,2,1
동작구,2013,살인,6,6,1
동작구,2014,살인,2,2,1
동작구,2015,살인,5,5,1
마포구,2010,살인,1,1,1
마포구,2011,살인,3,3,1
마포구,2012,살인,4,4,1
마포구,2013,살인,3,3,1
마포구,2014,살인,4,4,1
마포구,2015,살인,8,8,1
서대문구,2010,살인,18,20,1
서대문구,2011,살인,6,6,1
서대문구,2012,살인,7,8,1
서대문구,2013,살인,8,7,0.875
서대문구,2014,살인,3,3,1
서대문구,2015,살인,2,2,1
서초구,2010,살인,11,8,0.727272727
서초구,2011,살인,9,6,0.666666667
서초구,2012,살인,4,5,1
서초구,2013,살인,2,2,1
서초구,2014,살인,6,9,1
서초구,2015,살인,8,6,0.75
성동구,2010,살인,11,10,0.909090909
성동구,2011,살인,7,6,0.857142857
성동구,2012,살인,3,3,1
성동구,2013,살인,2,1,0.5
성동구,2014,살인,1,1,1
성동구,2015,살인,4,4,1
성북구,2010,살인,15,15,1
성북구,2011,살인,9,7,0.777777778
성북구,2012,살인,9,8,0.888888889
성북구,2013,살인,4,3,0.75
성북구,2014,살인,8,5,0.625
성북구,2015,살인,5,5,1
송파구,2010,살인,9,7,0.777777778
송파구,2011,살인,6,5,0.833333333
송파구,2012,살인,11,10,0.909090909
송파구,2013,살인,4,3,0.75
송파구,2014,살인,9,8,0.888888889
송파구,2015,살인,11,10,0.909090909
양천구,2010,살인,9,10,1
양천구,2011,살인,4,4,1
양천구,2012,살인,5,4,0.8
양천구,2013,살인,3,2,0.666666667
양천구,2014,살인,5,5,1
양천구,2015,살인,3,5,1
영등포구,2010,살인,34,32,0.941176471
영등포구,2011,살인,18,19,1
영등포구,2012,살인,18,18,1
영등포구,2013,살인,14,12,0.857142857
영등포구,2014,살인,14,15,1
영등포구,2015,살인,14,12,0.857142857
용산구,2010,살인,9,8,0.888888889
용산구,2011,살인,13,13,1
용산구,2012,살인,7,8,1
용산구,2013,살인,4,5,1
용산구,2014,살인,1,2,1
용산구,2015,살인,5,5,1
은평구,2010,살인,11,12,1
은평구,2011,살인,14,12,0.857142857
은평구,2012,살인,7,7,1
은평구,2013,살인,9,9,1
은평구,2014,살인,5,3,0.6
은평구,2015,살인,3,3,1
종로구,2010,살인,7,5,0.714285714
종로구,2011,살인,8,7,0.875
종로구,2012,살인,4,3,0.75
종로구,2013,살인,4,2,0.5
종로구,2014,살인,3,2,0.666666667
종로구,2015,살인,6,5,0.833333333
중구,2010,살인,8,8,1
중구,2011,살인,3,5,1
중구,2012,살인,5,6,1
중구,2013,살인,1,1,1
중구,2014,살인,6,5,0.833333333
중구,2015,살인,3,2,0.666666667
중랑구,2010,살인,13,14,1
중랑구,2011,살인,10,10,1
중랑구,2012,살인,9,9,1
중랑구,2013,살인,6,6,1
중랑구,2014,살인,11,10,0.909090909
중랑구,2015,살인,13,12,0.923076923
강남구,2010,강도,84,65,0.773809524
강남구,2011,강도,73,55,0.753424658
강남구,2012,강도,48,36,0.75
강남구,2013,강도,31,19,0.612903226
강남구,2014,강도,37,29,0.783783784
강남구,2015,강도,21,18,0.857142857
강동구,2010,강도,38,37,0.973684211
강동구,2011,강도,36,31,0.861111111
강동구,2012,강도,21,19,0.904761905
강동구,2013,강도,17,11,0.647058824
강동구,2014,강도,10,8,0.8
강동구,2015,강도,6,8,1
강북구,2010,강도,37,30,0.810810811
강북구,2011,강도,30,18,0.6
강북구,2012,강도,23,23,1
강북구,2013,강도,16,18,1
강북구,2014,강도,21,10,0.476190476
강북구,2015,강도,14,13,0.928571429
강서구,2010,강도,58,66,1
강서구,2011,강도,45,43,0.955555556
강서구,2012,강도,35,32,0.914285714
강서구,2013,강도,26,24,0.923076923
강서구,2014,강도,9,9,1
강서구,2015,강도,13,13,1
관악구,2010,강도,57,53,0.929824561
관악구,2011,강도,54,36,0.666666667
관악구,2012,강도,43,28,0.651162791
관악구,2013,강도,24,17,0.708333333
관악구,2014,강도,25,22,0.88
관악구,2015,강도,12,14,1
광진구,2010,강도,52,44,0.846153846
광진구,2011,강도,48,38,0.791666667
광진구,2012,강도,27,28,1
광진구,2013,강도,8,12,1
광진구,2014,강도,16,22,1
광진구,2015,강도,14,26,1
구로구,2010,강도,40,38,0.95
구로구,2011,강도,39,24,0.615384615
구로구,2012,강도,25,16,0.64
구로구,2013,강도,20,13,0.65
구로구,2014,강도,14,10,0.714285714
구로구,2015,강도,15,11,0.733333333
금천구,2010,강도,35,53,1
금천구,2011,강도,30,24,0.8
금천구,2012,강도,26,23,0.884615385
금천구,2013,강도,16,14,0.875
금천구,2014,강도,9,6,0.666666667
금천구,2015,강도,6,6,1
노원구,2010,강도,37,32,0.864864865
노원구,2011,강도,25,18,0.72
노원구,2012,강도,12,9,0.75
노원구,2013,강도,14,10,0.714285714
노원구,2014,강도,8,7,0.875
노원구,2015,강도,7,7,1
도봉구,2010,강도,17,18,1
도봉구,2011,강도,29,30,1
도봉구,2012,강도,14,13,0.928571429
도봉구,2013,강도,10,13,1
도봉구,2014,강도,11,15,1
도봉구,2015,강도,9,10,1
동대문구,2010,강도,57,69,1
동대문구,2011,강도,72,69,0.958333333
동대문구,2012,강도,26,15,0.576923077
동대문구,2013,강도,21,10,0.476190476
동대문구,2014,강도,13,8,0.615384615
동대문구,2015,강도,13,13,1
동작구,2010,강도,36,27,0.75
동작구,2011,강도,22,12,0.545454545
동작구,2012,강도,15,5,0.333333333
동작구,2013,강도,10,6,0.6
동작구,2014,강도,9,7,0.777777778
동작구,2015,강도,9,5,0.555555556
마포구,2010,강도,27,17,0.62962963
마포구,2011,강도,22,22,1
마포구,2012,강도,16,12,0.75
마포구,2013,강도,20,13,0.65
마포구,2014,강도,22,9,0.409090909
마포구,2015,강도,14,10,0.714285714
서대문구,2010,강도,24,27,1
서대문구,2011,강도,26,23,0.884615385
서대문구,2012,강도,15,18,1
서대문구,2013,강도,13,11,0.846153846
서대문구,2014,강도,4,7,1
서대문구,2015,강도,5,4,0.8
서초구,2010,강도,44,33,0.75
서초구,2011,강도,39,22,0.564102564
서초구,2012,강도,12,10,0.833333333
서초구,2013,강도,16,12,0.75
서초구,2014,강도,14,12,0.857142857
서초구,2015,강도,9,6,0.666666667
성동구,2010,강도,29,29,1
성동구,2011,강도,24,17,0.708333333
성동구,2012,강도,11,11,1
성동구,2013,강도,8,7,0.875
성동구,2014,강도,5,6,1
성동구,2015,강도,9,8,0.888888889
성북구,2010,강도,33,28,0.848484848
성북구,2011,강도,27,23,0.851851852
성북구,2012,강도,18,11,0.611111111
성북구,2013,강도,13,12,0.923076923
성북구,2014,강도,16,20,1
성북구,2015,강도,5,4,0.8
송파구,2010,강도,48,32,0.666666667
송파구,2011,강도,54,38,0.703703704
송파구,2012,강도,25,16,0.64
송파구,2013,강도,18,15,0.833333333
송파구,2014,강도,9,10,1
송파구,2015,강도,13,10,0.769230769
양천구,2010,강도,34,23,0.676470588
양천구,2011,강도,29,25,0.862068966
양천구,2012,강도,16,11,0.6875
양천구,2013,강도,16,7,0.4375
양천구,2014,강도,11,10,0.909090909
양천구,2015,강도,6,3,0.5
영등포구,2010,강도,74,57,0.77027027
영등포구,2011,강도,53,40,0.754716981
영등포구,2012,강도,27,19,0.703703704
영등포구,2013,강도,21,20,0.952380952
영등포구,2014,강도,10,5,0.5
영등포구,2015,강도,22,20,0.909090909
용산구,2010,강도,40,35,0.875
용산구,2011,강도,47,36,0.765957447
용산구,2012,강도,32,27,0.84375
용산구,2013,강도,23,13,0.565217391
용산구,2014,강도,7,7,1
용산구,2015,강도,14,14,1
은평구,2010,강도,36,28,0.777777778
은평구,2011,강도,28,30,1
은평구,2012,강도,22,14,0.636363636
은평구,2013,강도,14,17,1
은평구,2014,강도,24,21,0.875
은평구,2015,강도,9,6,0.666666667
종로구,2010,강도,33,31,0.939393939
종로구,2011,강도,36,28,0.777777778
종로구,2012,강도,15,15,1
종로구,2013,강도,11,8,0.727272727
종로구,2014,강도,12,8,0.666666667
종로구,2015,강도,11,9,0.818181818
중구,2010,강도,26,19,0.730769231
중구,2011,강도,21,28,1
중구,2012,강도,14,12,0.857142857
중구,2013,강도,16,14,0.875
중구,2014,강도,13,13,1
중구,2015,강도,9,6,0.666666667
중랑구,2010,강도,33,25,0.757575758
중랑구,2011,강도,46,55,1
중랑구,2012,강도,32,29,0.90625
중랑구,2013,강도,18,14,0.777777778
중랑구,2014,강도,14,11,0.785714286
중랑구,2015,강도,11,9,0.818181818
강남구,2010,강간,377,231,0.612732095
강남구,2011,강간,441,283,0.641723356
강남구,2012,강간,373,250,0.670241287
강남구,2013,강간,455,317,0.696703297
강남구,2014,강간,512,403,0.787109375
강남구,2015,강간,449,349,0.777282851
강동구,2010,강간,169,144,0.852071006
강동구,2011,강간,191,142,0.743455497
강동구,2012,강간,181,135,0.745856354
강동구,2013,강간,152,130,0.855263158
강동구,2014,강간,148,129,0.871621622
강동구,2015,강간,156,123,0.788461538
강북구,2010,강간,156,144,0.923076923
강북구,2011,강간,168,128,0.761904762
강북구,2012,강간,153,126,0.823529412
강북구,2013,강간,202,170,0.841584158
강북구,2014,강간,189,152,0.804232804
강북구,2015,강간,153,126,0.823529412
강서구,2010,강간,225,192,0.853333333
강서구,2011,강간,215,182,0.846511628
강서구,2012,강간,207,159,0.768115942
강서구,2013,강간,270,224,0.82962963
강서구,2014,강간,214,179,0.836448598
강서구,2015,강간,262,191,0.729007634
관악구,2010,강간,403,234,0.580645161
관악구,2011,강간,361,222,0.614958449
관악구,2012,강간,355,237,0.667605634
관악구,2013,강간,374,209,0.558823529
관악구,2014,강간,361,238,0.659279778
관악구,2015,강간,320,221,0.690625
광진구,2010,강간,230,198,0.860869565
광진구,2011,강간,260,226,0.869230769
광진구,2012,강간,246,198,0.804878049
광진구,2013,강간,269,228,0.847583643
광진구,2014,강간,249,199,0.799196787
광진구,2015,강간,240,220,0.916666667
구로구,2010,강간,229,148,0.64628821
구로구,2011,강간,326,150,0.460122699
구로구,2012,강간,236,120,0.508474576
구로구,2013,강간,233,165,0.708154506
구로구,2014,강간,252,186,0.738095238
구로구,2015,강간,281,164,0.583629893
금천구,2010,강간,120,107,0.891666667
금천구,2011,강간,107,89,0.831775701
금천구,2012,강간,127,122,0.960629921
금천구,2013,강간,138,108,0.782608696
금천구,2014,강간,162,133,0.820987654
금천구,2015,강간,151,122,0.80794702
노원구,2010,강간,149,132,0.88590604
노원구,2011,강간,169,138,0.816568047
노원구,2012,강간,166,131,0.789156627
노원구,2013,강간,207,135,0.652173913
노원구,2014,강간,173,136,0.786127168
노원구,2015,강간,197,121,0.614213198
도봉구,2010,강간,87,80,0.91954023
도봉구,2011,강간,100,99,0.99
도봉구,2012,강간,79,76,0.962025316
도봉구,2013,강간,90,77,0.855555556
도봉구,2014,강간,172,159,0.924418605
도봉구,2015,강간,102,106,1
동대문구,2010,강간,157,153,0.974522293
동대문구,2011,강간,222,196,0.882882883
동대문구,2012,강간,166,125,0.753012048
동대문구,2013,강간,199,154,0.773869347
동대문구,2014,강간,141,112,0.794326241
동대문구,2015,강간,173,146,0.843930636
동작구,2010,강간,272,101,0.371323529
동작구,2011,강간,249,84,0.337349398
동작구,2012,강간,170,112,0.658823529
동작구,2013,강간,215,118,0.548837209
동작구,2014,강간,203,120,0.591133005
동작구,2015,강간,285,139,0.487719298
마포구,2010,강간,175,159,0.908571429
마포구,2011,강간,172,143,0.831395349
마포구,2012,강간,224,161,0.71875
마포구,2013,강간,262,183,0.698473282
마포구,2014,강간,265,218,0.822641509
마포구,2015,강간,294,247,0.840136054
서대문구,2010,강간,140,122,0.871428571
서대문구,2011,강간,174,145,0.833333333
서대문구,2012,강간,191,173,0.905759162
서대문구,2013,강간,206,166,0.805825243
서대문구,2014,강간,185,150,0.810810811
서대문구,2015,강간,154,124,0.805194805
서초구,2010,강간,348,171,0.49137931
서초구,2011,강간,323,182,0.563467492
서초구,2012,강간,262,194,0.740458015
서초구,2013,강간,279,195,0.698924731
서초구,2014,강간,285,184,0.645614035
서초구,2015,강간,393,249,0.633587786
성동구,2010,강간,99,76,0.767676768
성동구,2011,강간,98,74,0.755102041
성동구,2012,강간,114,84,0.736842105
성동구,2013,강간,101,79,0.782178218
성동구,2014,강간,141,103,0.730496454
성동구,2015,강간,126,119,0.944444444
성북구,2010,강간,148,122,0.824324324
성북구,2011,강간,174,124,0.712643678
성북구,2012,강간,161,128,0.795031056
성북구,2013,강간,151,125,0.82781457
성북구,2014,강간,165,128,0.775757576
성북구,2015,강간,150,124,0.826666667
송파구,2010,강간,260,201,0.773076923
송파구,2011,강간,292,209,0.715753425
송파구,2012,강간,260,196,0.753846154
송파구,2013,강간,257,181,0.704280156
송파구,2014,강간,255,195,0.764705882
송파구,2015,강간,220,178,0.809090909
양천구,2010,강간,109,107,0.981651376
양천구,2011,강간,131,89,0.679389313
양천구,2012,강간,127,84,0.661417323
양천구,2013,강간,136,97,0.713235294
양천구,2014,강간,129,96,0.744186047
양천구,2015,강간,120,105,0.875
영등포구,2010,강간,244,197,0.807377049
영등포구,2011,강간,221,163,0.737556561
영등포구,2012,강간,237,199,0.839662447
영등포구,2013,강간,260,185,0.711538462
영등포구,2014,강간,250,183,0.732
영등포구,2015,강간,295,183,0.620338983
용산구,2010,강간,131,120,0.916030534
용산구,2011,강간,172,153,0.889534884
용산구,2012,강간,165,143,0.866666667
용산구,2013,강간,182,153,0.840659341
용산구,2014,강간,213,169,0.79342723
용산구,2015,강간,194,173,0.891752577
은평구,2010,강간,147,135,0.918367347
은평구,2011,강간,153,148,0.967320261
은평구,2012,강간,192,163,0.848958333
은평구,2013,강간,162,133,0.820987654
은평구,2014,강간,188,158,0.840425532
은평구,2015,강간,166,141,0.84939759
종로구,2010,강간,201,163,0.810945274
종로구,2011,강간,178,157,0.882022472
종로구,2012,강간,163,128,0.785276074
종로구,2013,강간,206,150,0.72815534
종로구,2014,강간,226,151,0.668141593
종로구,2015,강간,211,161,0.763033175
중구,2010,강간,173,112,0.647398844
중구,2011,강간,151,110,0.728476821
중구,2012,강간,168,133,0.791666667
중구,2013,강간,193,137,0.70984456
중구,2014,강간,221,161,0.728506787
중구,2015,강간,170,111,0.652941176
중랑구,2010,강간,190,164,0.863157895
중랑구,2011,강간,204,186,0.911764706
중랑구,2012,강간,185,144,0.778378378
중랑구,2013,강간,185,139,0.751351351
중랑구,2014,강간,163,118,0.72392638
중랑구,2015,강간,187,148,0.79144385
강남구,2010,절도,4003,1374,0.343242568
강남구,2011,절도,4222,1133,0.268356229
강남구,2012,절도,4665,1257,0.269453376
강남구,2013,절도,4446,1186,0.266756635
강남구,2014,절도,3895,1193,0.306290116
강남구,2015,절도,3850,1650,0.428571429
강동구,2010,절도,1970,1338,0.679187817
강동구,2011,절도,2426,1011,0.416735367
강동구,2012,절도,2531,758,0.299486369
강동구,2013,절도,2546,722,0.28358209
강동구,2014,절도,2425,827,0.341030928
강동구,2015,절도,2366,789,0.333474218
강북구,2010,절도,1381,602,0.435916003
강북구,2011,절도,1522,543,0.356767411
강북구,2012,절도,1362,497,0.364904552
강북구,2013,절도,1464,571,0.390027322
강북구,2014,절도,1494,575,0.384872825
강북구,2015,절도,1434,618,0.430962343
강서구,2010,절도,2710,1394,0.514391144
강서구,2011,절도,2776,861,0.310158501
강서구,2012,절도,2825,1022,0.361769912
강서구,2013,절도,2638,949,0.359742229
강서구,2014,절도,2341,734,0.313541222
강서구,2015,절도,2096,1260,0.601145038
관악구,2010,절도,2273,935,0.411350638
관악구,2011,절도,2694,775,0.287676318
관악구,2012,절도,3067,854,0.278447995
관악구,2013,절도,3447,753,0.218450827
관악구,2014,절도,3029,784,0.258831297
관악구,2015,절도,2706,827,0.305617147
광진구,2010,절도,2504,1836,0.733226837
광진구,2011,절도,2418,1065,0.44044665
광진구,2012,절도,2904,1258,0.433195592
광진구,2013,절도,3124,1258,0.40268886
광진구,2014,절도,3167,1001,0.316071992
광진구,2015,절도,3026,1277,0.422009253
구로구,2010,절도,2259,1206,0.533864542
구로구,2011,절도,2014,984,0.48857994
구로구,2012,절도,2620,680,0.259541985
구로구,2013,절도,2436,663,0.272167488
구로구,2014,절도,2377,579,0.24358435
구로구,2015,절도,2335,889,0.380728051
금천구,2010,절도,1522,925,0.607752957
금천구,2011,절도,1527,753,0.493123772
금천구,2012,절도,1656,702,0.423913043
금천구,2013,절도,1620,735,0.453703704
금천구,2014,절도,1552,496,0.319587629
금천구,2015,절도,1567,888,0.566687939
노원구,2010,절도,1531,1082,0.706727629
노원구,2011,절도,1723,890,0.516540917
노원구,2012,절도,2292,643,0.280541012
노원구,2013,절도,2316,801,0.345854922
노원구,2014,절도,2404,803,0.334026622
노원구,2015,절도,2193,801,0.365253078
도봉구,2010,절도,1060,571,0.538679245
도봉구,2011,절도,1418,375,0.264456982
도봉구,2012,절도,1706,536,0.314185229
도봉구,2013,절도,1535,584,0.380456026
도봉구,2014,절도,1350,478,0.354074074
도봉구,2015,절도,1063,478,0.449670743
동대문구,2010,절도,1791,1161,0.648241206
동대문구,2011,절도,2046,931,0.455034213
동대문구,2012,절도,2200,553,0.251363636
동대문구,2013,절도,2130,554,0.260093897
동대문구,2014,절도,1809,676,0.37368712
동대문구,2015,절도,1981,814,0.410903584
동작구,2010,절도,1680,693,0.4125
동작구,2011,절도,1722,527,0.306039489
동작구,2012,절도,2012,470,0.23359841
동작구,2013,절도,2365,920,0.389006342
동작구,2014,절도,1787,603,0.337437045
동작구,2015,절도,1865,661,0.354423592
마포구,2010,절도,1685,824,0.489020772
마포구,2011,절도,2105,647,0.30736342
마포구,2012,절도,2911,633,0.217451048
마포구,2013,절도,2387,662,0.277335568
마포구,2014,절도,2763,742,0.268548679
마포구,2015,절도,2555,813,0.318199609
서대문구,2010,절도,1739,992,0.570442783
서대문구,2011,절도,1879,702,0.37360298
서대문구,2012,절도,2039,777,0.381069152
서대문구,2013,절도,2087,807,0.386679444
서대문구,2014,절도,1883,665,0.353159851
서대문구,2015,절도,1812,738,0.407284768
서초구,2010,절도,2044,1061,0.519080235
서초구,2011,절도,2298,975,0.424281984
서초구,2012,절도,2711,830,0.306160089
서초구,2013,절도,2940,834,0.283673469
서초구,2014,절도,2747,782,0.28467419
서초구,2015,절도,2635,1091,0.414041746
성동구,2010,절도,1360,895,0.658088235
성동구,2011,절도,1376,467,0.339389535
성동구,2012,절도,1743,545,0.312679289
성동구,2013,절도,1614,510,0.31598513
성동구,2014,절도,1753,529,0.301768397
성동구,2015,절도,1607,597,0.371499689
성북구,2010,절도,2013,1127,0.559860904
성북구,2011,절도,1875,807,0.4304
성북구,2012,절도,2202,739,0.335603996
성북구,2013,절도,2289,676,0.29532547
성북구,2014,절도,2130,935,0.438967136
성북구,2015,절도,1785,741,0.41512605
송파구,2010,절도,3447,1095,0.317667537
송파구,2011,절도,4004,845,0.211038961
송파구,2012,절도,4035,901,0.223296159
송파구,2013,절도,3915,836,0.213537676
송파구,2014,절도,4199,885,0.210764468
송파구,2015,절도,3239,1129,0.348564372
양천구,2010,절도,1583,683,0.431459255
양천구,2011,절도,2016,698,0.346230159
양천구,2012,절도,1996,621,0.311122244
양천구,2013,절도,2032,643,0.316437008
양천구,2014,절도,2058,630,0.306122449
양천구,2015,절도,1890,672,0.355555556
영등포구,2010,절도,2648,1246,0.470543807
영등포구,2011,절도,2688,879,0.327008929
영등포구,2012,절도,3052,776,0.254259502
영등포구,2013,절도,3200,912,0.285
영등포구,2014,절도,3080,892,0.28961039
영등포구,2015,절도,2964,978,0.329959514
용산구,2010,절도,1207,726,0.601491301
용산구,2011,절도,1592,555,0.34861809
용산구,2012,절도,1517,602,0.39683586
용산구,2013,절도,1547,547,0.353587589
용산구,2014,절도,1560,522,0.334615385
용산구,2015,절도,1557,587,0.377007065
은평구,2010,절도,1657,999,0.602896801
은평구,2011,절도,1981,807,0.407370015
은평구,2012,절도,2532,863,0.340837283
은평구,2013,절도,2398,914,0.381150959
은평구,2014,절도,2352,798,0.339285714
은평구,2015,절도,1914,711,0.371473354
종로구,2010,절도,1715,1133,0.660641399
종로구,2011,절도,1942,959,0.493820803
종로구,2012,절도,2300,954,0.414782609
종로구,2013,절도,2470,1043,0.422267206
종로구,2014,절도,2272,1066,0.469190141
종로구,2015,절도,2184,837,0.383241758
중구,2010,절도,1859,1212,0.651963421
중구,2011,절도,2250,918,0.408
중구,2012,절도,2389,774,0.323984931
중구,2013,절도,2587,915,0.353691535
중구,2014,절도,2576,887,0.344332298
중구,2015,절도,2548,859,0.337127159
중랑구,2010,절도,1745,924,0.529512894
중랑구,2011,절도,1898,778,0.409905163
중랑구,2012,절도,2169,705,0.325034578
중랑구,2013,절도,2052,732,0.356725146
중랑구,2014,절도,2390,823,0.344351464
중랑구,2015,절도,2135,829,0.388290398
강남구,2010,폭력,5017,4323,0.861670321
강남구,2011,폭력,5195,4263,0.820596728
강남구,2012,폭력,5048,4091,0.810419968
강남구,2013,폭력,4733,3930,0.830340165
강남구,2014,폭력,4394,3628,0.82567137
강남구,2015,폭력,4284,3705,0.864845938
강동구,2010,폭력,2835,2517,0.887830688
강동구,2011,폭력,3065,2532,0.826101142
강동구,2012,폭력,2871,2363,0.823058168
강동구,2013,폭력,2810,2362,0.840569395
강동구,2014,폭력,2804,2317,0.826319544
강동구,2015,폭력,2712,2248,0.828908555
강북구,2010,폭력,2583,2311,0.89469609
강북구,2011,폭력,2689,2293,0.852733358
강북구,2012,폭력,2727,2413,0.884855152
강북구,2013,폭력,2336,2084,0.892123288
강북구,2014,폭력,2320,2064,0.889655172
강북구,2015,폭력,2649,2348,0.886372216
강서구,2010,폭력,3219,2790,0.866728798
강서구,2011,폭력,3346,2748,0.821279139
강서구,2012,폭력,3056,2472,0.808900524
강서구,2013,폭력,3028,2395,0.790951123
강서구,2014,폭력,2717,2297,0.84541774
강서구,2015,폭력,3207,2718,0.847521048
관악구,2010,폭력,3404,2971,0.87279671
관악구,2011,폭력,3826,3119,0.815211709
관악구,2012,폭력,3420,2757,0.806140351
관악구,2013,폭력,3385,2733,0.807385524
관악구,2014,폭력,3359,2649,0.788627568
관악구,2015,폭력,3298,2642,0.801091571
광진구,2010,폭력,2735,2382,0.870932358
광진구,2011,폭력,2867,2301,0.802581095
광진구,2012,폭력,3038,2442,0.803818302
광진구,2013,폭력,2730,2202,0.806593407
광진구,2014,폭력,2828,2300,0.813295615
광진구,2015,폭력,2625,2180,0.83047619
구로구,2010,폭력,2901,2546,0.877628404
구로구,2011,폭력,3327,2804,0.842801323
구로구,2012,폭력,3239,2606,0.804569312
구로구,2013,폭력,2967,2329,0.784967981
구로구,2014,폭력,2743,2207,0.804593511
구로구,2015,폭력,3007,2432,0.808779514
금천구,2010,폭력,1976,1727,0.873987854
금천구,2011,폭력,2399,1960,0.817007086
금천구,2012,폭력,2293,1928,0.840819887
금천구,2013,폭력,2180,1815,0.832568807
금천구,2014,폭력,2112,1792,0.848484848
금천구,2015,폭력,2054,1776,0.864654333
노원구,2010,폭력,2635,2384,0.904743833
노원구,2011,폭력,2594,2234,0.861218196
노원구,2012,폭력,2783,2320,0.83363277
노원구,2013,폭력,2712,2274,0.838495575
노원구,2014,폭력,2722,2350,0.863335783
노원구,2015,폭력,2723,2329,0.855306647
도봉구,2010,폭력,1638,1478,0.902319902
도봉구,2011,폭력,1700,1440,0.847058824
도봉구,2012,폭력,1795,1560,0.86908078
도봉구,2013,폭력,1592,1357,0.852386935
도봉구,2014,폭력,1585,1327,0.837223975
도봉구,2015,폭력,1487,1303,0.876260928
동대문구,2010,폭력,2738,2469,0.901753104
동대문구,2011,폭력,2727,2313,0.848184818
동대문구,2012,폭력,2779,2354,0.84706729
동대문구,2013,폭력,2531,2163,0.854602924
동대문구,2014,폭력,2388,2075,0.868927973
동대문구,2015,폭력,2548,2227,0.874018838
동작구,2010,폭력,2073,1807,0.87168355
동작구,2011,폭력,1932,1594,0.82505176
동작구,2012,폭력,1915,1582,0.826109661
동작구,2013,폭력,1829,1514,0.82777474
동작구,2014,폭력,1868,1580,0.845824411
동작구,2015,폭력,1910,1587,0.830890052
마포구,2010,폭력,2661,2418,0.908680947
마포구,2011,폭력,2740,2275,0.830291971
마포구,2012,폭력,2957,2359,0.797768008
마포구,2013,폭력,2740,2226,0.812408759
마포구,2014,폭력,2686,2163,0.805286672
마포구,2015,폭력,2983,2519,0.844451894
서대문구,2010,폭력,2030,1780,0.876847291
서대문구,2011,폭력,1962,1604,0.817533129
서대문구,2012,폭력,2120,1715,0.808962264
서대문구,2013,폭력,1973,1674,0.848454131
서대문구,2014,폭력,2119,1763,0.831996225
서대문구,2015,폭력,2056,1711,0.832198444
서초구,2010,폭력,2717,2393,0.880750828
서초구,2011,폭력,2509,2138,0.852132324
서초구,2012,폭력,2731,2258,0.826803369
서초구,2013,폭력,2506,2075,0.828012769
서초구,2014,폭력,2506,2135,0.851955307
서초구,2015,폭력,2399,2098,0.874531055
성동구,2010,폭력,1790,1550,0.865921788
성동구,2011,폭력,1729,1456,0.842105263
성동구,2012,폭력,1715,1401,0.816909621
성동구,2013,폭력,1482,1260,0.850202429
성동구,2014,폭력,1682,1409,0.837693222
성동구,2015,폭력,1612,1395,0.865384615
성북구,2010,폭력,2346,2000,0.852514919
성북구,2011,폭력,2329,1952,0.838127952
성북구,2012,폭력,2275,1920,0.843956044
성북구,2013,폭력,2310,1906,0.825108225
성북구,2014,폭력,2287,1940,0.848272847
성북구,2015,폭력,2209,1855,0.839746492
송파구,2010,폭력,3659,3018,0.824815523
송파구,2011,폭력,3735,2915,0.780455154
송파구,2012,폭력,3463,2718,0.784868611
송파구,2013,폭력,3058,2368,0.774362328
송파구,2014,폭력,3532,2884,0.816534541
송파구,2015,폭력,3295,2786,0.84552352
양천구,2010,폭력,2164,1868,0.863216266
양천구,2011,폭력,2627,2062,0.784925771
양천구,2012,폭력,2372,1963,0.827571669
양천구,2013,폭력,2431,1823,0.749897162
양천구,2014,폭력,2439,1913,0.784337843
양천구,2015,폭력,2509,2030,0.809087286
영등포구,2010,폭력,3922,3416,0.870984192
영등포구,2011,폭력,4143,3338,0.805696355
영등포구,2012,폭력,4049,3358,0.829340578
영등포구,2013,폭력,3368,2733,0.811460808
영등포구,2014,폭력,3649,2977,0.815839956
영등포구,2015,폭력,3572,2961,0.828947368
용산구,2010,폭력,1936,1685,0.87035124
용산구,2011,폭력,2454,1967,0.801548492
용산구,2012,폭력,2268,1894,0.835097002
용산구,2013,폭력,2125,1709,0.804235294
용산구,2014,폭력,2018,1640,0.812685828
용산구,2015,폭력,2050,1704,0.831219512
은평구,2010,폭력,2708,2461,0.908788774
은평구,2011,폭력,2970,2425,0.816498316
은평구,2012,폭력,2918,2447,0.838588074
은평구,2013,폭력,2831,2374,0.838572942
은평구,2014,폭력,2862,2345,0.819357093
은평구,2015,폭력,2653,2306,0.869204674
종로구,2010,폭력,2777,2459,0.885487937
종로구,2011,폭력,2760,2377,0.861231884
종로구,2012,폭력,2621,2243,0.855780237
종로구,2013,폭력,2410,2106,0.873858921
종로구,2014,폭력,2508,2201,0.877591707
종로구,2015,폭력,2293,1931,0.842128216
중구,2010,폭력,2725,2473,0.907522936
중구,2011,폭력,2665,2264,0.849530957
중구,2012,폭력,2696,2345,0.869807122
중구,2013,폭력,2443,2148,0.879246828
중구,2014,폭력,2415,2122,0.878674948
중구,2015,폭력,2224,1964,0.883093525
중랑구,2010,폭력,3607,3267,0.905738841
중랑구,2011,폭력,3771,3246,0.860779634
중랑구,2012,폭력,3483,2936,0.842951479
중랑구,2013,폭력,2907,2516,0.865497076
중랑구,2014,폭력,2775,2297,0.827747748
중랑구,2015,폭력,2847,2407,0.845451352
