"iid","gender","attr1_1","sinc1_1","intel1_1","fun1_1","amb1_1","shar1_1","attr1_2","sinc1_2","intel1_2","fun1_2","amb1_2","shar1_2"
1,"0",15,20,20,15,15,15,19.44,16.67,13.89,22.22,11.11,16.67
2,"0",45,5,25,20,0,5,18.92,18.92,21.62,27.03,5.41,8.11
4,"0",20,20,20,20,10,10,24.14,13.79,20.69,27.59,10.34,3.45
5,"0",20,5,25,25,10,15,15.79,13.16,18.42,15.79,15.79,21.05
6,"0",10,25,20,25,5,15,10.26,25.64,20.51,23.08,2.56,17.95
9,"0",20,10,20,30,10,10,13.33,17.78,22.22,22.22,13.33,11.11
10,"0",15,15,15,40,10,5,35.71,3.57,10.71,28.57,3.57,17.86
11,"1",35,20,20,20,0,5,19.51,17.07,17.07,17.07,12.2,17.07
13,"1",19,18,19,18,14,12,20,20,20,20,7.5,12.5
14,"1",30,5,15,40,5,5,20,14.29,17.14,22.86,14.29,11.43
15,"1",30,10,20,10,10,20,21.21,18.18,12.12,21.21,6.06,21.21
16,"1",50,0,30,10,0,10,19.51,14.63,17.07,17.07,14.63,17.07
17,"1",35,15,25,10,5,10,30,16.67,20,20,6.67,6.67
18,"1",33.33,11.11,11.11,11.11,11.11,22.22,24.39,12.2,17.07,14.63,14.63,17.07
21,"0",12,18,20,16,16,18,20,15,20,15,10,20
22,"0",20,20,20,10,10,20,20,20,10,20,10,20
23,"0",10,20,40,10,10,10,10,10,30,20,10,20
24,"0",10,20,20,15,20,15,15,15,10,25,10,25
25,"0",20,20,15,15,15,15,35,15,10,15,10,15
27,"0",17,10,18,20,25,10,20,20,15,15,15,15
29,"0",20,22,18,15,15,10,35,20,15,20,10,0
30,"0",10,20,20,20,20,10,20,15,15,20,10,20
31,"0",35,10,20,20,10,5,50,5,5,25,5,10
32,"0",50,0,50,0,0,0,75,10,15,0,0,0
33,"0",30,20,30,10,0,10,30,0,25,30,0,15
34,"0",30,5,30,15,15,5,30,0,30,20,20,0
35,"0",20,23,23,22,7,5,25,15,20,25,8,7
36,"0",20,25,20,15,15,5,40,10,20,20,5,5
37,"0",10,10,30,25,10,15,20,10,20,25,10,15
38,"0",50,10,20,10,10,0,50,20,10,5,5,10
39,"0",20,20,20,15,15,10,20,20,20,20,10,10
40,"1",25,20,25,20,10,0,20,30,30,20,0,0
41,"1",30,20,10,30,0,10,50,10,10,10,10,10
42,"1",20,25,20,15,10,10,30,30,10,15,10,5
43,"1",25,35,30,10,0,0,40,30,5,20,5,0
44,"1",25,15,25,25,15,15,60,5,10,10,5,10
45,"1",25,15,25,15,0,20,25,25,0,25,0,25
46,"1",20,35,20,10,10,5,75,5,5,5,5,5
47,"1",20,20,25,25,5,5,30,20,20,20,0,10
48,"1",30,15,25,25,5,0,40,10,0,40,0,10
49,"1",20,20,20,20,5,15,30,15,15,25,5,10
50,"1",35,10,20,15,10,10,75,5,5,5,5,5
51,"1",25,10,35,15,0,15,40,5,10,5,10,30
52,"1",15,20,15,30,5,15,30,20,10,20,10,10
53,"1",40,15,20,10,5,10,55,10,10,15,0,10
54,"1",40,20,20,20,0,0,40,25,20,15,0,0
55,"1",20,25,25,10,10,10,20,20,20,20,10,10
56,"0",17,18,18,15,17,15,20,15,15,15,20,15
57,"0",10,20,20,20,15,15,10,20,20,15,20,10
61,"0",15,15,20,15,15,20,10,20,25,10,10,25
62,"0",30,10,20,20,10,10,50,10,10,10,10,10
63,"0",5,15,45,25,0,10,20,0,30,50,0,0
64,"0",10,25,25,10,10,20,15,20,20,15,15,15
65,"0",17,17,17,17,17,15,17,17,17,17,17,17
66,"1",20,25,15,15,53,20,20,20,20,20,10,10
67,"1",20,15,20,20,5,10,30,10,10,30,10,10
68,"1",21,17,22,20,8,13,25,10,20,20,5,20
69,"1",50,10,30,10,0,0,60,5,15,15,0,0
70,"1",25,10,20,20,15,10,30,10,20,20,10,10
71,"1",60,15,0,15,0,10,70,20,0,10,0,0
72,"1",21,20,19,20,10,10,22,17,17,17,10,17
73,"1",30,10,20,30,0,10,50,10,10,25,5,0
74,"1",30,0,30,30,10,0,40,0,20,40,0,0
75,"1",20,20,20,20,10,10,20,20,15,20,5,20
76,"0",10,10,30,20,10,20,30,0,40,30,0,0
77,"0",15,20,20,20,15,10,30,15,15,20,5,15
78,"0",10,25,20,10,20,15,25,25,10,5,10,25
80,"0",10,20,20,10,20,20,30,10,20,20,10,10
81,"0",10,10,20,20,20,20,30,20,15,15,10,10
82,"0",20,20,20,20,10,10,15,20,20,20,10,15
83,"0",10,32,20,12,11,15,10,25,20,15,10,20
85,"0",20,25,15,15,15,10,20,20,15,20,10,15
86,"0",15,20,20,20,5,20,30,5,20,20,5,20
87,"0",15,15,20,15,15,20,25,15,20,25,10,5
88,"0",15,15,20,15,20,15,20,20,15,15,10,20
89,"0",25,15,20,20,20,0,35,15,15,15,15,5
90,"0",15,21,18,18,10,18,15,20,20,15,10,20
91,"0",15,3,50,20,2,10,20,2,30,35,3,10
92,"0",10,20,20,20,20,10,20,20,15,20,10,15
93,"0",14,20,18,24,18,6,17,17,11,28,10,17
94,"1",20,20,20,10,10,20,20,20,20,10,20,10
95,"1",18,18,18,19,13,14,18,15,18,20,12,17
96,"1",10,20,20,22,6,22,15,20,15,20,15,15
97,"1",50,7,20,23,0,0,55,8,14,13,0,10
98,"1",40,20,15,20,0,5,30,20,15,20,0,15
99,"1",30,30,20,10,10,0,45,20,15,20,0,0
100,"1",20,25,25,15,5,10,25,30,15,20,0,10
101,"1",40,8,10,12,10,20,40,10,10,20,5,15
102,"1",30,10,30,20,10,0,50,20,0,30,0,0
103,"1",40,5,20,10,10,15,50,5,20,10,5,10
104,"1",20,15,25,15,20,5,40,10,10,30,10,0
105,"1",30,15,20,20,0,5,30,10,20,20,10,10
106,"1",10,20,35,10,5,20,15,30,30,10,5,10
107,"1",19,24,21,23,5,8,20,15,20,25,5,15
108,"1",10,20,35,20,0,15,10,10,40,30,0,10
109,"1",15,10,30,10,5,30,20,15,25,15,5,20
110,"1",20,20,15,15,5,25,30,10,10,20,10,20
112,"0",15,15,20,25,10,15,20,10,15,20,15,20
113,"0",15,15,25,25,15,5,10,20,15,25,5,30
114,"0",20,20,20,20,10,10,20,20,20,20,10,10
115,"0",20,10,30,20,15,5,20,5,30,20,10,15
116,"0",15,15,25,25,20,0,30,10,10,30,10,10
117,"0",20,10,20,20,20,10,25,10,25,15,10,15
119,"0",50,15,10,10,10,5,50,10,10,10,5,15
120,"0",10,10,35,35,8,2,20,10,40,20,5,5
121,"0",35,15,5,30,15,0,50,20,0,20,10,0
122,"1",40,15,10,20,5,10,50,10,10,10,10,10
123,"1",50,10,20,5,5,10,80,4,5,3,4,4
124,"1",40,10,10,10,10,20,50,10,10,10,10,10
125,"1",20,15,20,15,12,18,20,10,25,15,10,20
126,"1",25,40,15,10,5,5,20,20,20,30,0,10
127,"1",25,25,25,15,5,5,40,10,10,20,0,20
128,"1",40,15,10,20,10,5,30,15,15,20,10,10
132,"0",16.67,16.67,16.67,16.67,16.67,16.67,15.79,17.54,15.79,17.54,17.54,15.79
133,"0",12.77,19.15,17.02,17.02,14.89,19.15,15.22,17.39,17.39,17.39,15.22,17.39
134,"0",6.67,20,20,17.78,20,15.56,10,18,18,18,18,18
135,"0",18.18,22.73,18.18,13.64,13.64,13.64,17.78,22.22,20,13.33,13.33,13.33
138,"1",20,20,20,20,6.67,13.33,19.57,17.39,19.57,19.57,13.04,10.87
139,"1",18.75,16.67,18.75,20.83,12.5,12.5,21.43,21.43,14.29,21.43,9.52,11.9
140,"1",18.6,16.28,18.6,18.6,11.63,16.28,20.51,15.38,17.95,17.95,12.82,15.38
141,"1",20.83,20.83,16.67,16.67,6.25,18.75,19.15,19.15,17.02,17.02,10.64,17.02
142,"0",14.29,14.29,21.43,21.43,19.05,9.52,14.29,18.37,20.41,20.41,14.29,12.24
143,"0",8.33,20.83,20.83,14.58,16.67,18.75,13.73,17.65,17.65,15.69,17.65,17.65
144,"0",16,16,16,18,18,16,16.67,16.67,16.67,18.75,16.67,14.58
145,"0",11.36,18.18,22.73,18.18,11.36,18.18,15.69,17.65,19.61,15.69,15.69,15.69
147,"0",18,18,20,18,16,10,18.75,16.67,18.75,16.67,16.67,12.5
149,"0",8.51,19.15,19.15,19.15,19.15,14.89,16.22,13.51,18.92,18.92,16.22,16.22
150,"0",12,20,20,20,14,14,14,18,18,18,16,16
151,"0",14.55,16.36,18.18,18.18,16.36,16.36,15.38,17.31,17.31,17.31,15.38,17.31
152,"0",14,20,20,14,18,14,16.67,18.75,18.75,14.58,16.67,14.58
153,"0",9.76,19.51,19.51,14.63,19.51,17.07,13.95,16.28,18.6,16.28,18.6,16.28
155,"0",15.09,18.87,18.87,16.98,16.98,13.21,16.67,18.75,18.75,14.58,16.67,14.58
156,"0",14,18,16,18,18,16,14.29,16.33,18.37,18.37,18.37,14.29
157,"0",14.29,16.33,16.33,18.37,18.37,16.33,14.58,16.67,16.67,18.75,18.75,14.58
158,"1",19.05,19.05,19.05,19.05,9.52,14.29,17.78,20,20,17.78,11.11,13.33
159,"1",15.91,20.45,20.45,20.45,11.36,11.36,16.67,18.75,18.75,16.67,14.58,14.58
160,"1",16,18,18,18,14,16,17.31,19.23,17.31,15.38,15.38,15.38
161,"1",16.67,18.75,18.75,18.75,18.75,8.33,16,18,18,20,12,16
162,"1",15.22,15.22,19.57,17.39,13.04,19.57,15.22,15.22,19.57,17.39,13.04,19.57
163,"1",12,20,20,20,16,12,14.89,17.02,19.15,19.15,14.89,14.89
164,"1",20.51,23.08,20.51,17.95,2.56,15.38,19.51,21.95,21.95,17.07,7.32,12.2
165,"1",16.67,12.5,20.83,18.75,12.5,18.75,19.51,19.51,21.95,14.63,7.32,17.07
166,"1",27.78,19.44,19.44,27.78,2.78,2.78,25,20,20,25,5,5
167,"1",18.6,13.95,18.6,16.28,16.28,16.28,19.05,14.29,19.05,16.67,16.67,14.29
169,"1",17.78,20,17.78,15.56,15.56,13.33,18.75,18.75,16.67,16.67,14.58,14.58
170,"1",16.28,20.93,18.6,18.6,13.95,11.63,19.51,21.95,17.07,14.63,12.2,14.63
171,"1",19.57,10.87,19.57,19.57,19.57,10.87,20.41,12.24,16.33,18.37,14.29,18.37
172,"1",17.78,17.78,22.22,20,15.56,6.67,21.43,16.67,23.81,19.05,11.9,7.14
173,"1",18.37,18.37,20.41,20.41,16.33,6.12,17.78,17.78,17.78,20,15.56,11.11
174,"0",9.52,23.81,16.67,16.67,16.67,16.67,11.9,23.81,16.67,16.67,16.67,14.29
175,"0",12.24,20.41,16.33,14.29,20.41,16.33,14.29,16.33,16.33,16.33,18.37,18.37
176,"0",13.04,21.74,19.57,17.39,15.22,13.04,15.91,20.45,18.18,15.91,13.64,15.91
177,"0",15.09,16.98,16.98,16.98,18.87,15.09,16.98,16.98,16.98,15.09,18.87,15.09
178,"0",15.22,17.39,17.39,17.39,15.22,17.39,17.02,17.02,17.02,17.02,14.89,17.02
179,"0",19.15,21.28,17.02,17.02,12.77,12.77,18.75,18.75,18.75,16.67,14.58,12.5
180,"0",15.38,17.31,17.31,19.23,13.46,17.31,17.02,19.15,17.02,21.28,12.77,12.77
181,"0",15.38,19.23,19.23,17.31,17.31,11.54,15.69,19.61,17.65,15.69,17.65,13.73
182,"0",16.07,17.86,17.86,17.86,17.86,12.5,14.29,16.33,18.37,18.37,18.37,14.29
183,"0",20,22.5,17.5,22.5,10,7.5,14.89,17.02,17.02,17.02,17.02,17.02
184,"1",16.67,16.67,16.67,16.67,16.67,16.67,20,17.78,20,17.78,11.11,13.33
185,"1",16.98,15.09,16.98,16.98,18.87,15.09,14,16,18,18,18,16
186,"1",19.44,19.44,22.22,16.67,11.11,11.11,16.67,22.22,25,11.11,11.11,13.89
187,"1",16.98,16.98,18.87,16.98,13.21,16.98,16.98,16.98,18.87,16.98,13.21,16.98
188,"1",15.56,11.11,22.22,15.56,20,15.56,14.58,14.58,20.83,14.58,18.75,16.67
189,"1",16.98,16.98,16.98,16.98,16.98,15.09,16.36,16.36,16.36,16.36,16.36,18.18
190,"1",15.56,20,20,20,13.33,11.11,18.6,16.28,13.95,23.26,13.95,13.95
191,"1",20.45,20.45,20.45,18.18,18.18,2.27,21.43,19.05,19.05,19.05,16.67,4.76
193,"1",20.93,16.28,23.26,16.28,11.63,11.63,20.93,18.6,18.6,13.95,13.95,13.95
194,"0",16,16,20,16,18,14,18.18,18.18,18.18,14.55,18.18,12.73
195,"0",15.38,19.23,19.23,19.23,13.46,13.46,16,12,20,18,16,18
196,"0",17.65,17.65,17.65,15.69,15.69,15.69,17.39,17.39,17.39,15.22,15.22,17.39
197,"0",14,18,20,18,16,14,18.37,14.29,20.41,20.41,14.29,12.24
199,"0",17.5,17.5,20,12.5,20,12.5,25,11.11,25,11.11,22.22,5.56
200,"0",13.21,18.87,18.87,16.98,16.98,15.09,15.38,19.23,17.31,15.38,17.31,15.38
201,"0",15.38,17.31,17.31,17.31,17.31,15.38,16.67,16.67,16.67,16.67,16.67,16.67
202,"0",15.38,19.23,19.23,19.23,15.38,11.54,15.69,19.61,19.61,15.69,15.69,13.73
203,"0",16,20,18,20,18,8,16,18,20,20,20,6
204,"0",19.61,15.69,17.65,15.69,17.65,13.73,17.86,16.07,17.86,16.07,16.07,16.07
205,"0",15.38,17.31,19.23,19.23,11.54,17.31,18.75,14.58,20.83,18.75,12.5,14.58
207,"0",17.31,13.46,17.31,19.23,19.23,13.46,16.67,14.81,16.67,18.52,18.52,14.81
208,"0",11.54,13.46,19.23,19.23,19.23,17.31,12.5,17.86,17.86,17.86,17.86,16.07
210,"0",20,15.56,20,15.56,11.11,17.78,20,15.56,17.78,17.78,11.11,17.78
211,"0",16.36,16.36,18.18,18.18,16.36,14.55,14.81,14.81,18.52,18.52,16.67,16.67
212,"0",14.29,18.37,18.37,16.33,18.37,14.29,14.89,19.15,19.15,14.89,17.02,14.89
213,"0",15.52,17.24,17.24,17.24,17.24,15.52,16.36,18.18,18.18,16.36,16.36,14.55
214,"1",17.02,21.28,17.02,21.28,14.89,8.51,17.02,21.28,19.15,19.15,14.89,8.51
215,"1",14.89,19.15,21.28,19.15,14.89,10.64,17.39,15.22,19.57,19.57,15.22,13.04
216,"1",7.5,17.5,20,22.5,12.5,20,14.81,18.52,18.52,18.52,16.67,12.96
217,"1",21.28,17.02,21.28,12.77,6.38,21.28,26.32,21.05,21.05,21.05,2.63,7.89
218,"1",20.51,5.13,23.08,12.82,17.95,20.51,20,5,22.5,12.5,20,20
219,"1",16.28,16.28,18.6,16.28,16.28,16.28,19.51,12.2,17.07,19.51,14.63,17.07
220,"1",16.67,16.67,16.67,16.67,14.81,18.52,17.86,17.86,17.86,17.86,14.29,14.29
221,"1",15.56,17.78,17.78,17.78,17.78,13.33,15.56,17.78,17.78,17.78,17.78,13.33
222,"1",9.52,19.05,23.81,19.05,4.76,23.81,15,20,22.5,17.5,2.5,22.5
223,"1",17.39,17.39,19.57,19.57,10.87,15.22,19.05,16.67,19.05,19.05,9.52,16.67
225,"1",14.71,14.71,14.71,14.71,20.59,20.59,16.33,18.37,16.33,18.37,16.33,14.29
226,"1",25.64,17.95,15.38,20.51,10.26,10.26,25,15,17.5,20,12.5,10
227,"1",20,16,18,16,16,14,19.61,17.65,17.65,15.69,15.69,13.73
228,"1",13.51,18.92,21.62,13.51,13.51,18.92,15.63,15.63,21.88,12.5,12.5,21.88
229,"1",21.43,16.67,21.43,16.67,11.9,11.9,22.73,15.91,22.73,15.91,11.36,11.36
230,"1",23.81,23.81,23.81,23.81,2.38,2.38,23.08,20.51,20.51,15.38,7.69,12.82
231,"1",18.6,20.93,23.26,23.26,2.33,11.63,18.42,21.05,21.05,18.42,10.53,10.53
232,"1",17.78,17.78,17.78,17.78,13.33,15.56,16,20,16,20,14,14
233,"1",14,20,18,16,14,18,13.33,22.22,15.56,17.78,15.56,15.56
234,"0",20,20,20,10,10,20,20,15,20,20,15,10
235,"0",15,15,20,20,20,10,15,20,20,20,15,10
236,"0",15,20,15,20,15,15,20,15,20,25,10,10
237,"0",10,20,20,20,20,10,10,20,25,15,20,10
238,"0",15,20,20,15,15,15,20,20,20,15,10,15
239,"0",10,25,20,20,5,20,10,20,20,20,10,20
240,"0",10,30,30,10,10,10,10,30,30,10,10,10
241,"0",90,2,2,2,2,2,75,5,5,5,5,5
242,"0",20,20,25,20,5,10,25,20,25,18,2,10
243,"1",20,20,20,25,5,10,20,20,20,25,5,10
244,"1",20,20,20,10,10,20,20,20,20,15,10,15
245,"1",18,10,30,10,10,22,18,12,25,15,13,17
246,"1",35,20,10,20,10,5,40,10,10,20,0,0
247,"1",20,30,10,15,0,25,25,30,5,15,0,25
248,"1",25,15,20,20,15,5,20,10,10,20,15,15
249,"1",22,22,15,15,5,21,19,19,17,19,10,16
250,"1",20,20,20,20,10,10,20,20,20,20,10,10
251,"1",19,19,19,19,19,5,20,20,20,20,15,5
252,"0",0,25,25,25,25,0,10,20,20,20,20,10
253,"0",25,30,10,10,5,20,20,20,10,20,10,20
255,"0",16.67,16.67,16.67,16.67,16.67,16.67,20,20,20,20,20,20
256,"0",15,25,20,20,10,10,20,20,20,20,10,10
257,"0",22,14,30,10,14,10,30,10,30,10,10,10
258,"0",7,35,20,20,5,13,13,29,12,18,8,20
259,"0",15,18,19,19,17,12,17,18,19,18,16,12
260,"0",19,20,19,14,13,15,19,17,19,15,15,15
261,"0",15,20,20,20,15,10,30,20,20,15,10,5
262,"0",10,40,20,20,0,10,10,30,10,10,10,30
263,"0",20,20,20,10,20,10,20,20,20,20,10,10
264,"0",15,15,25,20,5,20,15,20,25,20,10,25
265,"0",15,5,45,10,15,10,50,1,19,1,9,10
266,"0",25,20,20,25,0,10,30,20,15,20,0,15
267,"0",20,30,10,15,10,15,40,30,7,8,7,8
268,"0",30,20,20,10,15,5,30,15,15,15,10,15
269,"0",20,10,30,15,15,10,20,10,40,10,10,10
270,"0",16,16,19,17,14,18,16,16,19,16,15,18
271,"0",10,15,40,15,10,10,15,10,40,15,10,10
272,"0",25,20,25,25,5,0,30,20,20,20,5,5
273,"1",30,25,18,18,4,5,30,25,18,18,4,5
274,"1",30,10,20,20,10,10,30,10,20,20,10,10
275,"1",25,10,25,5,10,25,20,10,20,10,20,20
276,"1",24,16,28,14,8,10,25,15,20,20,5,15
277,"1",60,20,0,20,0,0,60,10,0,20,0,10
278,"1",25,15,20,25,10,5,25,20,20,25,5,5
279,"1",27,15,28,10,10,10,25,19,30,15,6,10
281,"1",20,20,20,15,5,20,15,20,20,15,10,20
282,"1",25,15,20,20,10,10,35,15,10,20,10,10
283,"1",50,10,10,10,10,10,30,10,30,10,10,10
284,"1",25,20,25,20,10,0,25,15,20,20,20,0
285,"1",20,20,25,25,5,5,30,10,20,20,10,10
286,"1",10,15,25,15,15,20,10,15,20,15,15,25
287,"1",35,40,5,5,7,8,25,10,10,25,5,25
288,"1",20,20,15,25,10,10,30,20,15,30,5,0
289,"1",20,30,10,20,0,20,20,30,15,20,5,10
290,"1",30,10,30,10,5,15,30,10,30,10,5,15
291,"1",20,20,15,15,12,18,25,15,15,15,15,15
292,"1",20,18,20,17,10,15,25,10,20,20,10,15
293,"1",23,18,21,18,10,10,24,15,18,18,10,15
294,"0",20,20,35,5,10,10,15,20,25,20,10,10
295,"0",10,18,20,16,16,20,14,20,18,20,13,15
296,"0",15,20,35,15,5,10,20,25,35,5,5,10
297,"0",25,25,15,15,10,10,30,30,15,15,15,15
298,"0",10,30,20,10,15,15,15,25,25,5,5,25
299,"0",10,40,10,20,10,10,15,20,15,20,15,15
300,"0",15,20,25,15,15,10,15,15,25,15,15,15
301,"0",20,20,20,20,10,10,17,15,18,25,10,15
302,"0",50,5,20,10,5,10,50,5,20,10,10,5
303,"0",20,25,25,10,15,5,40,15,15,15,10,5
304,"0",5,20,25,25,15,10,10,20,20,20,10,10
305,"0",10,47,16,12,3,12,9,30,19,19,3,20
306,"0",16,20,19,16,18,11,20,22,18,15,15,10
307,"0",10,20,20,15,20,15,10,20,20,15,20,15
308,"1",17,19,18,17,11,18,17,20,18,17,11,17
309,"1",20,20,20,20,10,10,30,10,20,20,5,15
311,"1",50,20,10,10,5,5,50,20,5,10,5,10
312,"1",25,5,30,15,5,20,30,10,20,15,10,15
313,"1",19,13,18,18,10,22,25,15,20,20,5,15
314,"1",20,10,30,20,10,10,20,15,25,20,10,10
316,"1",25,20,15,25,10,5,25,20,15,25,10,5
317,"1",50,0,20,20,0,10,40,0,20,20,0,20
319,"1",20,25,20,10,5,20,30,20,15,20,5,10
320,"1",20,16,16,16,16,16,25,20,20,10,10,15
323,"0",10,20,20,20,10,20,20,20,20,20,10,10
324,"0",40,10,15,20,10,5,85,3,2,5,3,2
325,"0",10,20,20,10,10,30,10,20,20,10,10,30
326,"0",15,15,15,20,20,15,20,10,20,20,20,10
327,"0",15,10,20,20,20,15,15,10,25,10,20,20
328,"0",22,12,30,25,10,1,30,15,30,15,5,5
329,"0",15,22,22,16,15,10,10,22,22,16,16,14
330,"0",15,25,15,20,10,15,20,20,15,20,10,15
332,"1",60,10,10,10,5,5,50,5,5,30,10,0
333,"1",50,5,15,20,10,0,35,5,20,20,10,10
334,"1",40,10,15,10,10,15,40,10,10,15,10,15
335,"1",20,10,20,20,15,15,20,10,20,20,15,15
336,"1",20,15,30,10,15,10,25,20,25,10,10,10
337,"1",17,17,17,17,16,16,17,17,16,17,16,17
338,"1",10,20,25,20,20,5,15,20,20,15,20,10
341,"0",20,20,20,20,20,0,30,20,10,10,20,10
342,"0",40,15,25,5,15,0,60,10,10,10,10,0
343,"0",5,25,20,10,15,25,25,10,15,20,10,20
344,"0",15,15,15,20,20,15,15,15,20,20,20,10
345,"0",10,20,27,23,15,5,15,15,25,30,10,5
348,"0",15,25,15,15,15,15,10,20,20,10,20,20
349,"0",25,20,10,20,20,5,27,15,15,23,10,10
351,"0",15,15,30,15,15,10,15,20,20,15,15,15
352,"0",20,20,20,10,10,20,20,20,10,15,10,15
354,"0",20,10,20,20,20,10,15,15,15,20,15,20
355,"0",50,20,10,5,10,5,50,10,20,10,10,0
356,"0",15,25,20,20,0,20,20,25,20,10,5,20
357,"0",15,20,20,20,20,5,20,10,30,20,15,15
359,"0",9,17,23,15,14,22,12,18,25,13,7,25
360,"0",20,30,10,10,10,20,20,30,15,10,10,15
361,"1",30,20,30,5,5,10,20,10,30,10,10,20
362,"1",20.51,14.53,24.79,17.09,5.98,17.09,20,15,21,21,13,13
363,"1",25,20,20,20,5,10,35,20,15,20,5,5
364,"1",25,25,25,15,10,0,25,25,15,25,5,5
365,"1",31.58,10.53,15.79,21.05,10.53,10.53,30,10,15,15,10,20
366,"1",14,18,17,16,15,20,14,18,17,16,15,20
367,"1",30,15,20,25,5,5,25,15,17,23,5,10
368,"1",20,10,25,20,10,15,30,10,20,20,0,20
369,"1",17,18,28,27,5,5,22,15,20,22,11,10
370,"1",50,10,10,10,10,10,50,5,15,10,15,5
371,"1",40,0,10,50,0,0,50,2,2,40,2,4
372,"1",30,15,15,20,5,15,40,15,15,15,5,10
373,"1",75,5,5,10,0,5,85,1,1,10,1,1
374,"1",50,10,10,10,5,15,60,10,5,10,10,5
375,"1",30,20,15,15,8,12,35,12,10,20,5,18
377,"1",25,20,10,20,15,10,20,20,20,30,20,10
378,"1",25,15,20,20,10,10,40,5,20,20,5,10
381,"0",20,10,20,35,5,10,20,20,20,30,5,5
382,"0",25,25,25,10,10,5,20,20,20,20,10,10
383,"0",25,20,10,20,15,10,25,15,20,15,15,10
384,"0",20,20,20,20,20,0,20,20,20,20,10,10
386,"0",15,10,30,10,15,20,15,20,20,15,15,15
387,"0",20,15,25,15,15,10,25,10,15,20,15,15
388,"0",22,17,15,15,15,16,20,16,16,16,16,16
389,"0",20,30,20,20,0,10,10,50,15,15,0,10
391,"0",35,0,35,10,10,10,60,0,30,10,0,0
392,"0",15,20,15,30,10,10,15,20,15,20,10,20
393,"0",8,20,25,25,12,10,12,20,20,20,8,20
394,"0",18,19,16,15,15,17,20,20,20,10,10,20
395,"0",20,20,20,10,10,20,30,15,20,15,10,10
396,"0",15,18,18,18,15,16,16,18,18,16,14,18
397,"1",20,21,21,22,6,10,19,20,20,20,10,11
398,"1",45,10,10,30,0,5,50,5,10,25,0,10
401,"1",35,0,25,20,0,20,50,0,25,20,0,5
402,"1",25,20,15,25,10,5,15,25,20,15,15,10
403,"1",20,25,20,15,5,15,20,20,15,25,15,5
404,"1",25,14,25,25,3,8,27,10,25,25,6,7
405,"1",30,25,20,15,5,5,50,10,10,10,10,10
406,"1",20,20,20,20,20,0,20,20,20,20,10,10
407,"1",30,15,15,15,15,10,40,10,20,10,10,10
408,"1",20,10,20,20,10,20,20,20,20,20,10,10
409,"1",20,15,20,20,10,15,20,20,15,20,5,20
411,"1",35,15,15,25,10,0,50,0,25,25,0,0
412,"1",75,5,5,5,5,5,75,5,5,5,5,5
413,"1",10,10,30,30,5,15,30,10,20,20,10,10
415,"1",10,20,40,10,10,10,20,10,20,10,20,20
416,"0",15,20,30,20,5,10,20,10,20,15,10,25
417,"0",20,20,20,10,10,20,20,15,15,10,10,30
418,"0",15,25,20,15,10,15,15,25,20,15,10,15
420,"0",10,10,40,10,15,15,10,15,40,10,10,15
421,"0",20,10,30,20,10,10,20,15,30,15,15,5
422,"1",30,25,20,10,10,5,30,25,15,10,15,5
423,"1",30,20,30,10,5,5,30,10,20,20,10,10
428,"1",60,10,10,10,10,0,50,10,10,10,10,10
429,"1",55,10,15,15,5,0,50,10,10,10,10,10
430,"0",10,25,15,20,15,15,10,25,15,20,10,20
431,"0",15,15,25,15,15,15,15,15,25,15,15,15
432,"0",15,30,30,10,10,5,30,20,20,30,0,0
433,"0",20,20,20,20,10,10,20,20,20,25,5,10
434,"0",30,15,15,30,0,10,40,10,20,15,5,10
435,"0",25,5,20,25,15,10,30,10,20,20,10,10
436,"0",28,8,17,22,17,8,60,5,10,15,5,5
437,"0",15,15,18,18,14,20,12,13,25,12,13,25
438,"0",14,15,16,17,18,20,15,15,20,15,15,20
440,"1",35,5,30,20,5,5,80,0,10,10,0,0
441,"1",35,10,25,20,5,5,60,5,20,10,0,5
442,"1",40,10,0,45,0,5,50,20,0,30,0,0
443,"1",30,25,10,20,0,15,30,15,15,20,10,10
444,"1",50,10,10,30,0,0,40,30,10,20,0,0
445,"1",40,12,18,12,6,12,50,10,10,10,15,5
447,"1",15,30,25,20,0,10,25,30,20,15,0,10
448,"1",25,15,25,25,5,5,30,10,25,20,5,10
449,"1",55,2,1,40,1,1,50,8,8,33,0,1
450,"1",50,5,5,5,5,30,50,10,10,10,5,15
451,"1",20,40,5,20,5,10,25,30,20,10,10,5
452,"1",35,30,25,5,0,5,35,30,25,5,0,5
454,"0",10,20,20,20,10,20,15,20,20,20,10,15
455,"0",10,25,20,16,20,9,10,20,15,20,20,15
456,"0",25,20,15,10,15,15,30,20,20,10,10,10
457,"0",25,0,25,25,0,25,20,0,20,20,20,20
458,"0",50,5,25,20,0,0,40,20,15,15,15,15
461,"1",40,20,20,10,10,0,40,20,10,20,0,10
462,"1",30,30,10,10,0,20,30,20,15,15,0,20
463,"1",15,15,15,15,15,25,15,15,15,15,15,25
464,"1",15,15,15,20,15,20,20,20,20,20,10,10
466,"0",10,20,20,15,20,15,25,15,15,15,10,30
467,"0",20,20,20,20,20,0,20,20,20,20,20,0
468,"0",15,25,15,15,15,15,15,25,15,20,15,10
469,"0",20,10,20,20,10,20,30,20,10,20,10,10
470,"0",10,20,25,25,10,10,20,15,30,20,10,5
471,"0",15,15,25,10,15,20,25,10,20,10,15,20
472,"0",10,25,25,20,10,10,20,15,20,30,5,10
473,"0",15,20,20,15,15,15,15,20,20,15,15,15
474,"0",15,20,10,30,5,20,15,20,15,30,5,15
475,"0",10,15,30,10,15,20,10,15,25,15,15,20
477,"0",16,19,16,17,15,17,18,19,15,17,15,16
480,"0",16,18,18,20,12,16,17,13,19,20,12,29
481,"1",25,20,15,20,5,15,25,15,10,25,0,25
482,"1",20,10,22,20,15,13,20,15,20,15,15,15
483,"1",40,20,20,20,0,0,40,20,20,20,0,0
484,"1",16,16,20,16,16,16,10,25,25,15,15,10
485,"1",20,15,20,15,15,15,20,20,15,15,15,15
486,"1",20,20,20,15,10,15,15,25,20,15,15,10
487,"1",25,26,15,10,9,15,20,20,15,20,5,20
488,"1",15,20,20,20,5,20,10,20,20,20,20,10
489,"1",20,10,20,20,20,0,30,10,20,20,10,10
490,"1",30,15,20,10,10,15,40,15,10,10,10,15
491,"1",30,10,25,20,8,7,30,20,20,20,5,5
492,"1",30,0,30,30,10,0,50,5,30,10,0,5
493,"1",30,10,10,30,10,10,30,15,15,30,5,5
494,"1",25,25,25,25,0,0,20,15,10,25,5,25
495,"1",20,20,20,15,15,10,20,16,16,16,16,16
496,"0",20,30,20,20,10,0,20,20,20,20,0,0
499,"0",19,19,19,19,5,19,19,19,19,19,5,19
500,"0",10,15,35,15,10,15,40,5,40,5,5,5
501,"0",30,10,20,10,10,20,30,10,20,10,10,20
502,"1",40,20,20,20,0,0,30,20,20,10,10,10
503,"1",30,30,40,0,0,0,25,30,40,0,0,5
504,"1",30,0,30,15,15,10,40,0,40,10,0,10
506,"1",15,15,20,15,15,20,20,25,15,10,10,20
507,"1",20,20,20,20,20,0,20,20,20,20,10,10
508,"1",18,10,18,18,18,18,18,10,18,18,18,18
509,"0",10,20,30,10,10,20,10,20,10,20,10,30
510,"0",25,25,25,12,3,10,30,20,20,10,10,10
511,"0",20,10,10,30,15,15,20,10,10,20,20,20
512,"0",20,20,20,20,5,15,40,10,10,10,5,25
514,"0",20,20,20,15,5,20,20,20,20,20,0,20
515,"0",20,20,20,15,10,15,25,25,25,10,5,10
516,"0",58,5,8,10,7,12,35,10,15,20,10,10
517,"0",15,20,20,20,5,10,20,20,20,10,10,20
518,"0",20,25,25,30,5,5,25,20,30,25,5,5
520,"0",25,15,25,15,10,10,20,15,20,20,10,15
521,"0",10,30,20,15,15,10,10,20,20,20,15,15
522,"0",10,20,15,20,15,20,15,15,20,20,10,20
523,"0",10,25,20,20,5,20,20,25,20,25,0,10
524,"0",15,20,25,20,10,10,20,20,20,15,15,10
525,"0",10,15,30,20,15,10,5,15,25,25,20,10
526,"0",10,10,30,20,10,15,30,5,20,20,15,15
527,"0",50,20,10,5,10,5,25,10,10,10,10,35
529,"0",10,25,25,10,10,20,10,25,25,15,15,20
530,"0",20,20,10,15,5,30,10,20,10,20,10,30
531,"1",15,30,20,20,10,5,30,30,20,20,0,0
533,"1",25,25,25,13,12,0,25,15,20,20,10,10
534,"1",30,30,30,5,2,3,40,10,20,10,5,15
535,"1",23,14,19,16,10,18,20,15,20,15,10,20
536,"1",30,20,20,20,10,0,70,5,5,5,10,5
537,"1",20,5,25,25,5,20,25,5,25,15,0,30
538,"1",50,0,10,30,0,10,70,0,0,30,0,0
539,"1",30,10,20,15,15,10,30,20,10,10,10,10
540,"1",20,15,20,20,15,10,20,20,20,20,10,10
541,"1",40,30,0,20,0,10,50,20,0,15,0,15
542,"1",25,15,20,20,10,10,30,20,10,20,10,10
543,"1",20,16,16,17,16,15,30,15,15,15,15,10
544,"1",15,25,20,10,10,20,10,20,10,20,20,20
545,"1",20,20,20,20,10,10,20,15,20,15,15,15
546,"1",35,10,20,25,5,5,30,10,20,30,0,10
548,"1",40,10,20,10,0,20,40,10,20,10,0,20
549,"1",20,20,20,20,0,20,20,15,20,25,5,5
550,"1",30,3,30,30,3,4,60,5,10,10,10,5
551,"1",40,20,20,20,0,0,75,5,5,5,5,5
552,"1",70,0,15,15,0,0,70,0,15,10,0,5
